{
 "澀谷出發（包車）": [
   35.68468156452846,
   139.69494673961304
 ],
  "7-11 鎌倉七里ガ浜店": [
    35.30594833347948, 
    139.51099112999339
  ],
  "七高正門前（私人拍照點）": [
    35.30527536748993,
   139.51409999999998
  ],
  "顯証寺（私人拍照點）": [
    35.30651654349159,
   139.50631998281116
  ],
  "湘南深澤站（倒掛鐵路）": [
    35.33303167647613, 
   139.51892218650605
  ],
  "錢洗弁財天 宇賀福神社": [
    35.32564713496353,
   139.5424725626106
  ],
  "小町通商店街（600m）": [
    35.320242805421614, 
   139.55153964511553
  ],
 "鎌倉釜飯kamakama ichibamaeten": [
    35.31733107267639,
  139.55070335429878
  ],
  "鶴岡八幡宮": [
    35.326188334672196, 
   139.55637832827338
  ],
  "高德院（鎌倉大佛）": [
    35.31699396472273, 
   139.5357012846586
  ],
  "YAMAKA 江之島店": [
    35.31042176501416, 
   139.48926018650604
  ],
  "Rana 片瀬江ノ島": [
    35.30980243584568, 
   139.4833958493185
  ],
  "江之島（看夕陽）": [
    35.30202458325333,
   139.481139450843
  ],
  "西友 大船店": [
    35.3541173153161, 
   139.53365389550413
  ]
}
