{
  "7-11 鎌倉七里ガ浜店": [
    35.3089,
    139.4982
  ],
  "七高正門前（私人拍照點）": [
    35.3084,
    139.5019
  ],
  "顯証寺（私人拍照點）": [
    35.3036,
    139.5007
  ],
  "湘南深澤站（倒掛鐵路）": [
    35.332861,
    139.51889
  ],
  "錢洗弁財天 宇賀福神社": [
    35.3279,
    139.5439
  ],
  "小町通商店街（600m）": [
    35.3219,
    139.5531
  ],
  "鶴岡八幡宮": [
    35.326,
    139.5569
  ],
  "高德院（鎌倉大佛）": [
    35.3167,
    139.535
  ],
  "YAMAKA 江之島店": [
    35.308,
    139.481
  ],
  "Rana 片瀬江ノ島": [
    35.3044,
    139.486
  ],
  "江之島（看夕陽）": [
    35.2989,
    139.4799
  ],
  "西友 大船店": [
    35.3536,
    139.5317
  ]
}